Ручка ProEcoPen 340 из Тетра Пак круглая,340,True
Ручка ProEcoPen 350 из Тетра Пак с гранями,350,True
Ручка ProEcoPen 343 из зубных щеток круглая,343,True
Ручка ProEcoPen 346 из вторичного ПВД Пак круглая,346,True
Grant Bolid,105,False
Блокнот A5,3A5,True
Блокнот A6,3A6,True
Ручка ProEcoPen 342 из переработанного текстиля Пак круглая,342,True
Grant Automat,101,False
Ручка Каролина,701,False
Ручка Каролина из вторичного PET-G,702,True
Рука Каролина Солид Фрост,711,True
Ручка Каролина Фрост из вторичного PET-G,712,True
Ручка Краваттоне,703,False
Блокнот А5 на дисках,3D5,True
Grant Prima,115,False
Grant Spot,120,False
Grant Spot Lux,121,False
Зажим для пакетов 65 мм из Тетра Пак,310,True
Зажим для пакетов с ложкой из Тетра Пак,312,True
Зажим для пакетов 115 мм из Тетра Пак,311,True
 Чехол на iphone8 из Тетра Пак,370,True
Чехол на iphone8 из зубных щеток,373,True
Упаковка,P,True
Блокнот A4,3A4,True
Бирка с отверстием 45х90 мм,3B45_90,True
Ручка ProEcoPen из вторичного ПП круглая,347,True
Брелок 45х90,3B545_90_B,True
Блокнот А5 с нестандартным блоком,3A5R,True
Блокнот А5 Эколин со сменным блоком,3D5E,True
Grant Arrow,102,False
Cravattone из вторичного PET,730,True
Монетница Квадро,MR001,False
Стакан сборный,3S1,True
Квартальный календарь,3C4,True
Комплект Блокнот А5 + ProEcoPen340,3A5_340,True
Комплект из двух ручек ProEcoPen 350,3502,True
ProEcoPen 301 из TeraPak,301,True
ProEcoPen 301 из зубощеток,303,True
ProEcoPen 354 из ручек,354,True
ProEcoPen 344 из ручек,344,True
ProEcoPen 341 из ПНД,341,True
ProEcoPen 360 из TeraPak на подставке,360,True
Монетница Форум,MR002,False
Монетница Арена,MR005,False
Кружка Lekker,201,False
ProEcoPen 345 из кофейной упаковки,345,True
Мебельная заглушка,401,False
Папка для офорта,3F60_60,True
ProEcoPen 367 из PP на подставке,367,True
Кружка ViCoffe,202,False
Стакан ПРОМО,204,False
Стакан Румба,206,False
Стакан Хайтауэр,205,False
Стакан Фест тонкий,207,False
Стакан Фест толстый,208,False
Воронка 100,313,True
Воронка 120,314,True
Зажим 65 мм,210,False
Зажим 115 мм,211,False
Зажим с ложкой 140мм,212,False
зубные щетки дробленка,PPZ,True
Киндеры дробленка,PPK,True
Полиал,PAL,True
кофе агломерат,PAK,True
Бумага 100г/м2 105*65 см Яндекс,PP100_105_65Y,True
Бумага 100г/м2 105*65 см,PP100_105_65,True
Картон 225 г/м2 100*75 см,PK225_100_75,True
Шубер на ручку,P_301,True
Коробка на 1 ручку,P_340,True
Коробка на 4 ручки,P_350,True
Шубер на блокнот А5,P_3A5,True
Доска для шашек,500,True
шашки,501,True
Веер,230,False
Grant Uzi,103,False
Папка презентационная,R,False
Ручка МИР одноцветная,MIRP120,False
Ручка МИР одноцветная фрост,MIRP120S,False
Ручка МИР одноцветная,MIRP121,False
Ручка МИР двухцветная,MIRP122,False
Ручка МИР белый корпус,MIRP123,False
Запчасти МИР,MIRD120,False
Simple,705,False
Celebrity,707,False
Celebrity Frost,708,False
детали для ручек,D,False
Вупи,W,False
Grant Viking,107,False
Блокнот А5 FSC,3A5F,True
Лист Полиал,LTP,True
Монетница Квадро Колор,MR003,False
Блокнот A6 FSC,3A6F,True
Лист полиал 3мм 1200*880мм,LTP3_120_88,True
Зажим ЭКО ПВД 65 мм,410,True
Зажим ЭКО ПВД 115 мм,411,True
Монетница Квадро Мидиа,MR007,False
Монетница Квадро Экспо,MR004,False
Ежедневник А5 на дисках из жвачки,3D5Z,True
Блокнот из канистр,3A5K,True
Лист из Эколина,LEC,True
Услуги сборки,U_S,False
Блокнот A5 из соли,3A5S,True
Бирка 30*80 мм из Полиал,3B30_80,True
Костер круглый 90мм из Полиал,3K90,True
Фишка круглая 30мм из Полиал,3F30,True
Фишка круглая 40мм из Полиал,3F40,True
Блокнот квадратный 188*188,3K188,True
Нестандартные изделия из листа,3AN,True
Органайзер,3O,True
Монетница Сиена,MR006,False
Мебельный уголок,C,True
Блокнот А5 обычный,1A5,False
Блокнот A6 обычный,1A6,False
Конверт,K,True
Grant Precision,109,False
Grant Precision круглый,110,False
Конверт из под Суши,P_4,True
Блокнот лист A3,3A3,True
Ручка ProEcoPen 349 из Эколин круглая,349,True
Хэнгер,315,True
Комплект из всех ручек ProEcoPen 340,3400,True
Комплект из всех ручек ProEcoPen 350,3500,True
"Лист Полиал 1,3 мм 1500*80 мм",LTP1_150_88,True
Блокнот A5 на дисках из канистр,3D5T,True
Подставка под ручку,380,True
ABS,ABS,False
Нарды,510,True
Номерок,3N,True
Коробка для палитр,420,True
